{"schemaVersion":"1.0","appDefinitionTemplate":{"id":"/providers/Microsoft.PowerApps/apps/","type":"Microsoft.PowerApps/apps","tags":{"primaryDeviceWidth":"640","primaryDeviceHeight":"1136","sienaVersion":"20200617T114403Z-3.20062.19.0","deviceCapabilities":"","supportsPortrait":"true","supportsLandscape":"false","primaryFormFactor":"Phone","publisherVersion":"3.20062.19","minimumRequiredApiVersion":"2.2.0","hasComponent":"false","hasUnlockedComponent":"false","isUnifiedRootApp":"false"},"properties":{"appVersion":"2020-06-17T11:44:03Z","lifeCycleId":"Published","createdByClientVersion":{"major":3,"minor":20062,"build":19,"revision":0,"majorRevision":0,"minorRevision":0},"minClientVersion":{"major":3,"minor":20062,"build":19,"revision":0,"majorRevision":0,"minorRevision":0},"backgroundColor":"rgba(0, 176, 240, 1)","backgroundImageUri":"/11943704758564604715/Ne8d33c57-08c7-45bd-8bce-622d9a7128bb-logoSmallFile","displayName":"Patch - Complex Columns","description":"","commitMessage":"","appUris":{"documentUri":{"value":"/11943704758564604715/N7743131f-ac3c-4bf5-b288-1dd48de2fa66-document.msapp"},"imageUris":[],"additionalUris":[]},"createdTime":"0001-01-01T00:00:00Z","lastModifiedTime":"0001-01-01T00:00:00Z","sharedGroupsCount":0,"sharedUsersCount":0,"connectionReferences":{"4e817fc3-0ef1-4ee0-96b6-8580756ffb5e":{"id":"cdf78599-4644-4e6b-b185-3e4b92887f01","displayName":"SharePoint","iconUri":"https://connectoricons-prod.azureedge.net/sharepointonline/icon_1.0.1355.2023.png","dataSources":["Employees Information","Department"],"dependencies":[],"dependents":[],"parameterHints":{},"isOnPremiseConnection":false,"bypassConsent":false,"dataSets":{"https://vtsp.sharepoint.com/sites/PowerApps":{"dataSources":{"Employees Information":{"tableName":"384bbcf3-2d8d-474a-be82-3315bd43711f"},"Department":{"tableName":"70049905-4fc9-4c36-a8b3-bdf23a95ea5d"}}}},"apiTier":"Standard","isCustomApiConnection":false},"9975222d-2695-463f-9705-10c824291dcd":{"id":"3dd0fc7d-44e1-4a49-9d6b-01a1fb96fa9d","displayName":"Office 365 Users","iconUri":"https://connectoricons-prod.azureedge.net/office365users/icon_1.0.1357.2029.png","dataSources":["Office365Users"],"dependencies":[],"dependents":[],"parameterHints":{},"isOnPremiseConnection":false,"bypassConsent":false,"dataSets":{},"apiTier":"Standard","isCustomApiConnection":false}},"databaseReferences":{},"almMode":"Environment","performanceOptimizationEnabled":true,"canConsumeAppPass":true,"executionRestrictions":{"isTeamsOnly":false,"dataLossPreventionEvaluationResult":{"status":"Compliant","lastEvaluationDate":"2020-10-31T18:49:16.439097Z","violationDetails":[]}}},"isAppComponentLibrary":false,"appType":"ClassicCanvasApp","appComponents":[]}}