{"name":"1bd09650-f883-42d2-a565-c430d03e0f92","id":"/providers/Microsoft.Flow/flows/1bd09650-f883-42d2-a565-c430d03e0f92","type":"Microsoft.Flow/flows","properties":{"apiId":"/providers/Microsoft.PowerApps/apis/shared_logicflows","displayName":"Set item level permission","definition":{"metadata":{"workflowEntityId":null,"processAdvisorMetadata":null,"flowChargedByPaygo":null,"flowclientsuspensionreason":"None","flowclientsuspensiontime":null,"flowclientsuspensionreasondetails":null,"creator":{"id":"421cd1b9-8373-4f7a-8aff-06e1ddee84d4","type":"User","tenantId":"928d7f65-77f4-4b2d-a3a8-1e74badd9734"},"provisioningMethod":"FromDefinition","failureAlertSubscription":true,"clientLastModifiedTime":"2023-10-27T05:15:03.3498787Z","connectionKeySavedTimeKey":"2021-09-15T13:04:23.3951531Z"},"$schema":"https://schema.management.azure.com/providers/Microsoft.Logic/schemas/2016-06-01/workflowdefinition.json#","contentVersion":"1.0.0.0","parameters":{"$connections":{"defaultValue":{},"type":"Object"},"$authentication":{"defaultValue":{},"type":"SecureObject"}},"triggers":{"When_a_new_item_is_created_in_List":{"recurrence":{"frequency":"Minute","interval":1},"splitOn":"@triggerOutputs()?['body/value']","metadata":{"operationMetadataId":"0ab14b65-80fe-4105-9001-6b1d4b7a19a4"},"type":"OpenApiConnection","inputs":{"host":{"apiId":"/providers/Microsoft.PowerApps/apis/shared_sharepointonline","connectionName":"shared_sharepointonline","operationId":"GetOnNewItems"},"parameters":{"dataset":"https://vtsp.sharepoint.com/","table":"e44ca383-56f8-41b4-8789-66f964863102"},"authentication":"@parameters('$authentication')"}}},"actions":{"Send_an_HTTP_request_to_SharePoint_-_Break_Inhereitence":{"runAfter":{"Set_Variable_-_User_ID":["Succeeded"]},"metadata":{"operationMetadataId":"408e01f0-8f4f-42aa-8af1-146dcbfea240"},"type":"OpenApiConnection","inputs":{"host":{"apiId":"/providers/Microsoft.PowerApps/apis/shared_sharepointonline","connectionName":"shared_sharepointonline","operationId":"HttpRequest"},"parameters":{"dataset":"https://vtsp.sharepoint.com/","parameters/method":"POST","parameters/uri":"_api/lists/getByTitle('Employees')/items(@{triggerOutputs()?['body/ID']})/breakroleinheritance(copyRoleAssignments=false,clearSubscopes=true)","parameters/headers":{"Accept":"application/json","Content-type":"application/json"}},"authentication":"@parameters('$authentication')"}},"Send_an_HTTP_request_to_SharePoint_-Set_Contribute_permission":{"runAfter":{"Send_an_HTTP_request_to_SharePoint_-_Break_Inhereitence":["Succeeded"]},"metadata":{"operationMetadataId":"e043df1b-467a-4037-86c2-3ee2efd7099f"},"type":"OpenApiConnection","inputs":{"host":{"apiId":"/providers/Microsoft.PowerApps/apis/shared_sharepointonline","connectionName":"shared_sharepointonline","operationId":"HttpRequest"},"parameters":{"dataset":"https://vtsp.sharepoint.com/","parameters/method":"POST","parameters/uri":"_api/lists/getByTitle('Employees')/items(@{triggerOutputs()?['body/ID']})/roleassignments/addroleassignment(principalid=@{variables('UserId')},roledefid=1073741829)"},"authentication":"@parameters('$authentication')"}},"Initialize_variable":{"runAfter":{},"metadata":{"operationMetadataId":"db409496-881d-498e-8adc-89d57120ee4b"},"type":"InitializeVariable","inputs":{"variables":[{"name":"UserName","type":"string","value":"Chandani Prajapati"}]}},"Send_an_HTTP_request_to_SharePoint_-_Get_user_id":{"runAfter":{"Initialize_variable":["Succeeded"]},"metadata":{"operationMetadataId":"6329a487-35f9-4d2d-80c9-5eee94c3752b"},"type":"OpenApiConnection","inputs":{"host":{"apiId":"/providers/Microsoft.PowerApps/apis/shared_sharepointonline","connectionName":"shared_sharepointonline","operationId":"HttpRequest"},"parameters":{"dataset":"https://vtsp.sharepoint.com/","parameters/method":"GET","parameters/uri":"/_api/web/siteusers?$select=Id,Title&$filter=Title eq '@{variables('UserName')}'"},"authentication":"@parameters('$authentication')"}},"Set_Variable_-_User_ID":{"runAfter":{"Send_an_HTTP_request_to_SharePoint_-_Get_user_id":["Succeeded"]},"metadata":{"operationMetadataId":"bfef9c17-3e12-4377-8ac7-a9a7bafbea83"},"type":"InitializeVariable","inputs":{"variables":[{"name":"UserId","type":"integer","value":"@outputs('Send_an_HTTP_request_to_SharePoint_-_Get_user_id')?['body']['d']['results']?[0]['Id']"}]}}},"outputs":{},"description":"Send an email when a new item is created in SharePoint."},"connectionReferences":{"shared_sharepointonline":{"connectionName":"3319dc5e98a348a3b16dc88888072e9d","source":"Embedded","id":"/providers/Microsoft.PowerApps/apis/shared_sharepointonline","tier":"NotSpecified"}},"flowFailureAlertSubscribed":false,"isManaged":false}}