{"name":"dadc43fb-7f74-4f7d-a2a6-b3c42400b491","id":"/providers/Microsoft.Flow/flows/dadc43fb-7f74-4f7d-a2a6-b3c42400b491","type":"Microsoft.Flow/flows","properties":{"apiId":"/providers/Microsoft.PowerApps/apis/shared_logicflows","displayName":"Convert JSON to CSV File  Demo","definition":{"metadata":{"workflowEntityId":null,"processAdvisorMetadata":null,"flowChargedByPaygo":null,"flowclientsuspensionreason":"None","flowclientsuspensiontime":null,"flowclientsuspensionreasondetails":null,"creator":{"id":"421cd1b9-8373-4f7a-8aff-06e1ddee84d4","type":"User","tenantId":"928d7f65-77f4-4b2d-a3a8-1e74badd9734"},"provisioningMethod":"FromDefinition","failureAlertSubscription":true,"clientLastModifiedTime":"2023-10-27T06:54:29.7017082Z"},"$schema":"https://schema.management.azure.com/providers/Microsoft.Logic/schemas/2016-06-01/workflowdefinition.json#","contentVersion":"1.0.0.0","parameters":{"$connections":{"defaultValue":{},"type":"Object"},"$authentication":{"defaultValue":{},"type":"SecureObject"}},"triggers":{"manual":{"metadata":{"operationMetadataId":"9f01332f-fad4-44e6-ac6a-aa19a6e9bf35"},"type":"Request","kind":"Button","inputs":{"schema":{"type":"object","properties":{},"required":[]}}}},"actions":{"Initialize_variable_-_JSON":{"runAfter":{"Initialize_variable_-_CSV":["Succeeded"]},"metadata":{"operationMetadataId":"303dfde7-16f4-4b14-a448-d1880dba4a41"},"type":"InitializeVariable","inputs":{"variables":[{"name":"jsonData","type":"string","value":"[\n  {\n    \"id\": 1,\n    \"name\": \"Leanne Graham\",\n    \"username\": \"Bret\",\n    \"email\": \"Sincere@april.biz\",\n    \"address\": {\n      \"street\": \"Kulas Light\",\n      \"suite\": \"Apt. 556\",\n      \"city\": \"Gwenborough\",\n      \"zipcode\": \"92998-3874\",\n      \"geo\": {\n        \"lat\": \"-37.3159\",\n        \"lng\": \"81.1496\"\n      }\n    },\n    \"phone\": \"1-770-736-8031 x56442\",\n    \"website\": \"hildegard.org\",\n    \"company\": {\n      \"name\": \"Romaguera-Crona\",\n      \"catchPhrase\": \"Multi-layered client-server neural-net\",\n      \"bs\": \"harness real-time e-markets\"\n    }\n  },\n  {\n    \"id\": 2,\n    \"name\": \"Ervin Howell\",\n    \"username\": \"Antonette\",\n    \"email\": \"Shanna@melissa.tv\",\n    \"address\": {\n      \"street\": \"Victor Plains\",\n      \"suite\": \"Suite 879\",\n      \"city\": \"Wisokyburgh\",\n      \"zipcode\": \"90566-7771\",\n      \"geo\": {\n        \"lat\": \"-43.9509\",\n        \"lng\": \"-34.4618\"\n      }\n    },\n    \"phone\": \"010-692-6593 x09125\",\n    \"website\": \"anastasia.net\",\n    \"company\": {\n      \"name\": \"Deckow-Crist\",\n      \"catchPhrase\": \"Proactive didactic contingency\",\n      \"bs\": \"synergize scalable supply-chains\"\n    }\n  },\n  {\n    \"id\": 3,\n    \"name\": \"Clementine Bauch\",\n    \"username\": \"Samantha\",\n    \"email\": \"Nathan@yesenia.net\",\n    \"address\": {\n      \"street\": \"Douglas Extension\",\n      \"suite\": \"Suite 847\",\n      \"city\": \"McKenziehaven\",\n      \"zipcode\": \"59590-4157\",\n      \"geo\": {\n        \"lat\": \"-68.6102\",\n        \"lng\": \"-47.0653\"\n      }\n    },\n    \"phone\": \"1-463-123-4447\",\n    \"website\": \"ramiro.info\",\n    \"company\": {\n      \"name\": \"Romaguera-Jacobson\",\n      \"catchPhrase\": \"Face to face bifurcated interface\",\n      \"bs\": \"e-enable strategic applications\"\n    }\n  },\n  {\n    \"id\": 4,\n    \"name\": \"Patricia Lebsack\",\n    \"username\": \"Karianne\",\n    \"email\": \"Julianne.OConner@kory.org\",\n    \"address\": {\n      \"street\": \"Hoeger Mall\",\n      \"suite\": \"Apt. 692\",\n      \"city\": \"South Elvis\",\n      \"zipcode\": \"53919-4257\",\n      \"geo\": {\n        \"lat\": \"29.4572\",\n        \"lng\": \"-164.2990\"\n      }\n    },\n    \"phone\": \"493-170-9623 x156\",\n    \"website\": \"kale.biz\",\n    \"company\": {\n      \"name\": \"Robel-Corkery\",\n      \"catchPhrase\": \"Multi-tiered zero tolerance productivity\",\n      \"bs\": \"transition cutting-edge web services\"\n    }\n  },\n  {\n    \"id\": 5,\n    \"name\": \"Chelsey Dietrich\",\n    \"username\": \"Kamren\",\n    \"email\": \"Lucio_Hettinger@annie.ca\",\n    \"address\": {\n      \"street\": \"Skiles Walks\",\n      \"suite\": \"Suite 351\",\n      \"city\": \"Roscoeview\",\n      \"zipcode\": \"33263\",\n      \"geo\": {\n        \"lat\": \"-31.8129\",\n        \"lng\": \"62.5342\"\n      }\n    },\n    \"phone\": \"(254)954-1289\",\n    \"website\": \"demarco.info\",\n    \"company\": {\n      \"name\": \"Keebler LLC\",\n      \"catchPhrase\": \"User-centric fault-tolerant solution\",\n      \"bs\": \"revolutionize end-to-end systems\"\n    }\n  },\n  {\n    \"id\": 6,\n    \"name\": \"Mrs. Dennis Schulist\",\n    \"username\": \"Leopoldo_Corkery\",\n    \"email\": \"Karley_Dach@jasper.info\",\n    \"address\": {\n      \"street\": \"Norberto Crossing\",\n      \"suite\": \"Apt. 950\",\n      \"city\": \"South Christy\",\n      \"zipcode\": \"23505-1337\",\n      \"geo\": {\n        \"lat\": \"-71.4197\",\n        \"lng\": \"71.7478\"\n      }\n    },\n    \"phone\": \"1-477-935-8478 x6430\",\n    \"website\": \"ola.org\",\n    \"company\": {\n      \"name\": \"Considine-Lockman\",\n      \"catchPhrase\": \"Synchronised bottom-line interface\",\n      \"bs\": \"e-enable innovative applications\"\n    }\n  },\n  {\n    \"id\": 7,\n    \"name\": \"Kurtis Weissnat\",\n    \"username\": \"Elwyn.Skiles\",\n    \"email\": \"Telly.Hoeger@billy.biz\",\n    \"address\": {\n      \"street\": \"Rex Trail\",\n      \"suite\": \"Suite 280\",\n      \"city\": \"Howemouth\",\n      \"zipcode\": \"58804-1099\",\n      \"geo\": {\n        \"lat\": \"24.8918\",\n        \"lng\": \"21.8984\"\n      }\n    },\n    \"phone\": \"210.067.6132\",\n    \"website\": \"elvis.io\",\n    \"company\": {\n      \"name\": \"Johns Group\",\n      \"catchPhrase\": \"Configurable multimedia task-force\",\n      \"bs\": \"generate enterprise e-tailers\"\n    }\n  },\n  {\n    \"id\": 8,\n    \"name\": \"Nicholas Runolfsdottir V\",\n    \"username\": \"Maxime_Nienow\",\n    \"email\": \"Sherwood@rosamond.me\",\n    \"address\": {\n      \"street\": \"Ellsworth Summit\",\n      \"suite\": \"Suite 729\",\n      \"city\": \"Aliyaview\",\n      \"zipcode\": \"45169\",\n      \"geo\": {\n        \"lat\": \"-14.3990\",\n        \"lng\": \"-120.7677\"\n      }\n    },\n    \"phone\": \"586.493.6943 x140\",\n    \"website\": \"jacynthe.com\",\n    \"company\": {\n      \"name\": \"Abernathy Group\",\n      \"catchPhrase\": \"Implemented secondary concept\",\n      \"bs\": \"e-enable extensible e-tailers\"\n    }\n  },\n  {\n    \"id\": 9,\n    \"name\": \"Glenna Reichert\",\n    \"username\": \"Delphine\",\n    \"email\": \"Chaim_McDermott@dana.io\",\n    \"address\": {\n      \"street\": \"Dayna Park\",\n      \"suite\": \"Suite 449\",\n      \"city\": \"Bartholomebury\",\n      \"zipcode\": \"76495-3109\",\n      \"geo\": {\n        \"lat\": \"24.6463\",\n        \"lng\": \"-168.8889\"\n      }\n    },\n    \"phone\": \"(775)976-6794 x41206\",\n    \"website\": \"conrad.com\",\n    \"company\": {\n      \"name\": \"Yost and Sons\",\n      \"catchPhrase\": \"Switchable contextually-based project\",\n      \"bs\": \"aggregate real-time technologies\"\n    }\n  },\n  {\n    \"id\": 10,\n    \"name\": \"Clementina DuBuque\",\n    \"username\": \"Moriah.Stanton\",\n    \"email\": \"Rey.Padberg@karina.biz\",\n    \"address\": {\n      \"street\": \"Kattie Turnpike\",\n      \"suite\": \"Suite 198\",\n      \"city\": \"Lebsackbury\",\n      \"zipcode\": \"31428-2261\",\n      \"geo\": {\n        \"lat\": \"-38.2386\",\n        \"lng\": \"57.2232\"\n      }\n    },\n    \"phone\": \"024-648-3804\",\n    \"website\": \"ambrose.net\",\n    \"company\": {\n      \"name\": \"Hoeger LLC\",\n      \"catchPhrase\": \"Centralized empowering task-force\",\n      \"bs\": \"target end-to-end models\"\n    }\n  }\n]"}]}},"Initialize_variable_-_CSV":{"runAfter":{},"metadata":{"operationMetadataId":"fe7d33df-e7c3-4b7a-b4cf-509dbb9b1970"},"type":"InitializeVariable","inputs":{"variables":[{"name":"csvData","type":"string"}]}},"Parse_JSON":{"runAfter":{"Initialize_variable_-_JSON":["Succeeded"]},"metadata":{"operationMetadataId":"b5f1bf49-980c-4369-9c44-d002f114f635"},"type":"ParseJson","inputs":{"content":"@variables('jsonData')","schema":{"type":"array","items":{"type":"object","properties":{"id":{"type":"integer"},"name":{"type":"string"},"username":{"type":"string"},"email":{"type":"string"},"address":{"type":"object","properties":{"street":{"type":"string"},"suite":{"type":"string"},"city":{"type":"string"},"zipcode":{"type":"string"},"geo":{"type":"object","properties":{"lat":{"type":"string"},"lng":{"type":"string"}}}}},"phone":{"type":"string"},"website":{"type":"string"},"company":{"type":"object","properties":{"name":{"type":"string"},"catchPhrase":{"type":"string"},"bs":{"type":"string"}}}},"required":["id","name","username","email","address","phone","website","company"]}}}},"Create_CSV_table":{"runAfter":{"Parse_JSON":["Succeeded"]},"metadata":{"operationMetadataId":"59844f24-2ef2-4fad-b62b-d0e52424d268"},"type":"Table","inputs":{"from":"@body('Parse_JSON')","format":"CSV"}},"Create_file":{"runAfter":{"Create_CSV_table":["Succeeded"]},"metadata":{"operationMetadataId":"d516ca25-720f-4e04-a8af-0d8658614142"},"type":"OpenApiConnection","inputs":{"host":{"apiId":"/providers/Microsoft.PowerApps/apis/shared_sharepointonline","connectionName":"shared_sharepointonline","operationId":"CreateFile"},"parameters":{"dataset":"https://vtsp.sharepoint.com/sites/PowerPlatform","folderPath":"/Shared Documents","name":"Test.csv","body":"@body('Create_CSV_table')"},"authentication":{"value":"@json(decodeBase64(triggerOutputs().headers['X-MS-APIM-Tokens']))['$ConnectionKey']","type":"Raw"}},"runtimeConfiguration":{"contentTransfer":{"transferMode":"Chunked"}}}}},"connectionReferences":{"shared_sharepointonline":{"connectionName":"3319dc5e98a348a3b16dc88888072e9d","source":"Invoker","id":"/providers/Microsoft.PowerApps/apis/shared_sharepointonline","tier":"NotSpecified"}},"flowFailureAlertSubscribed":false,"isManaged":false}}