{"name":"e8f572e3-c4db-4038-afe5-62d2a77cab80","id":"/providers/Microsoft.Flow/flows/e8f572e3-c4db-4038-afe5-62d2a77cab80","type":"Microsoft.Flow/flows","properties":{"apiId":"/providers/Microsoft.PowerApps/apis/shared_logicflows","displayName":"Blog - Save response to list","definition":{"metadata":{"workflowEntityId":null,"processAdvisorMetadata":null,"flowChargedByPaygo":null,"flowclientsuspensionreason":"None","flowclientsuspensiontime":null,"flowclientsuspensionreasondetails":null,"creator":{"id":"421cd1b9-8373-4f7a-8aff-06e1ddee84d4","type":"User","tenantId":"928d7f65-77f4-4b2d-a3a8-1e74badd9734"},"provisioningMethod":"FromDefinition","failureAlertSubscription":true,"clientLastModifiedTime":"2023-08-08T12:07:22.9753576Z"},"$schema":"https://schema.management.azure.com/providers/Microsoft.Logic/schemas/2016-06-01/workflowdefinition.json#","contentVersion":"1.0.0.0","parameters":{"$connections":{"defaultValue":{},"type":"Object"},"$authentication":{"defaultValue":{},"type":"SecureObject"}},"triggers":{"When_a_new_response_is_submitted":{"splitOn":"@triggerOutputs()?['body/value']","metadata":{"operationMetadataId":"5aa9bbbe-5fe2-4851-b7b8-c84e1ed2e63e"},"type":"OpenApiConnectionWebhook","inputs":{"host":{"apiId":"/providers/Microsoft.PowerApps/apis/shared_microsoftforms","connectionName":"shared_microsoftforms","operationId":"CreateFormWebhook"},"parameters":{"form_id":"ZX-NkvR3LUujqB50ut2XNLnRHEJzg3pPiv8G4d3uhNRURUQ1VkMySzU5Skk2VDZVRTdaWkZKWDBJNS4u"},"authentication":"@parameters('$authentication')"}}},"actions":{"Get_response_details":{"runAfter":{},"metadata":{"operationMetadataId":"5304642d-ed22-4a9b-9062-d605f84be9f4"},"type":"OpenApiConnection","inputs":{"host":{"apiId":"/providers/Microsoft.PowerApps/apis/shared_microsoftforms","connectionName":"shared_microsoftforms","operationId":"GetFormResponseById"},"parameters":{"form_id":"ZX-NkvR3LUujqB50ut2XNLnRHEJzg3pPiv8G4d3uhNRURUQ1VkMySzU5Skk2VDZVRTdaWkZKWDBJNS4u","response_id":"@triggerOutputs()?['body/resourceData/responseId']"},"authentication":"@parameters('$authentication')"}},"Create_item_in_SP_list":{"runAfter":{"Get_response_details":["Succeeded"]},"metadata":{"operationMetadataId":"72a219ea-e211-4bb2-a959-e9c780c0d3bb"},"type":"OpenApiConnection","inputs":{"host":{"apiId":"/providers/Microsoft.PowerApps/apis/shared_sharepointonline","connectionName":"shared_sharepointonline","operationId":"PostItem"},"parameters":{"dataset":"https://vtsp.sharepoint.com/sites/PowerPlatform","table":"44e353a2-9910-46e0-83fd-a68bc224b924","item/Title":"@outputs('Get_response_details')?['body/rca8c9d1465ce45919f8562c72ef37424']","item/Email":"@outputs('Get_response_details')?['body/r25ad5d5b8dd0412eae4ee69e5ee3c1f3']","item/Phonenumber":"@outputs('Get_response_details')?['body/rdfa104efd7e2431b866384e168a9f5be']","item/Joiningdate":"@outputs('Get_response_details')?['body/r97f1c267797740dcbf18d931d115b146']","item/Issueitem/Value":"@outputs('Get_response_details')?['body/r38e58417287444c08e1c03871558afa9']"},"authentication":"@parameters('$authentication')"}},"Parse_JSON_-_Attachments":{"runAfter":{"Create_item_in_SP_list":["Succeeded"]},"metadata":{"operationMetadataId":"e20d9a18-2d3f-4dee-8ca4-cf2f169086fa"},"type":"ParseJson","inputs":{"content":"@outputs('Get_response_details')?['body/ra14e760be19342daa1882a4cee500afc']","schema":{"type":"array","items":{"type":"object","properties":{"name":{"type":"string"},"link":{"type":"string"},"id":{"type":"string"},"type":{},"size":{"type":"integer"},"referenceId":{"type":"string"},"driveId":{"type":"string"},"status":{"type":"integer"},"uploadSessionUrl":{}},"required":["name","link","id","type","size","referenceId","driveId","status","uploadSessionUrl"]}}}},"Apply_to_each_-_Create_attachment":{"foreach":"@body('Parse_JSON_-_Attachments')","actions":{"Get_file_content":{"runAfter":{},"metadata":{"operationMetadataId":"b2d55caf-a0dc-46d7-958b-5f3325bd9809"},"type":"OpenApiConnection","inputs":{"host":{"apiId":"/providers/Microsoft.PowerApps/apis/shared_onedriveforbusiness","connectionName":"shared_onedriveforbusiness","operationId":"GetFileContent"},"parameters":{"id":"@items('Apply_to_each_-_Create_attachment')['id']","inferContentType":true},"authentication":"@parameters('$authentication')"}},"Add_attachment_-_Employee_request":{"runAfter":{"Get_file_content":["Succeeded"]},"metadata":{"operationMetadataId":"d677205f-43b9-4383-a6b7-4fcfa845838b"},"type":"OpenApiConnection","inputs":{"host":{"apiId":"/providers/Microsoft.PowerApps/apis/shared_sharepointonline","connectionName":"shared_sharepointonline","operationId":"CreateAttachment"},"parameters":{"dataset":"https://vtsp.sharepoint.com/sites/PowerPlatform/","table":"44e353a2-9910-46e0-83fd-a68bc224b924","itemId":"@outputs('Create_item_in_SP_list')?['body/ID']","displayName":"@items('Apply_to_each_-_Create_attachment')['name']","body":"@body('Get_file_content')"},"authentication":"@parameters('$authentication')"}}},"runAfter":{"Parse_JSON_-_Attachments":["Succeeded"]},"metadata":{"operationMetadataId":"ac32c180-4c0c-4817-860c-f37c199c8c25"},"type":"Foreach"}}},"connectionReferences":{"shared_microsoftforms":{"connectionName":"shared-microsoftform-a87c303a-8b52-45ad-b0c2-90491212cc7a","source":"Embedded","id":"/providers/Microsoft.PowerApps/apis/shared_microsoftforms","tier":"NotSpecified"},"shared_sharepointonline":{"connectionName":"3319dc5e98a348a3b16dc88888072e9d","source":"Embedded","id":"/providers/Microsoft.PowerApps/apis/shared_sharepointonline","tier":"NotSpecified"},"shared_onedriveforbusiness":{"connectionName":"83485110753f411cb01b04e99edc2417","source":"Embedded","id":"/providers/Microsoft.PowerApps/apis/shared_onedriveforbusiness","tier":"NotSpecified"}},"flowFailureAlertSubscribed":false,"isManaged":false}}