{"name":"c1fd485e-894c-4a2d-b303-2bd8d11c5259","id":"/providers/Microsoft.Flow/flows/c1fd485e-894c-4a2d-b303-2bd8d11c5259","type":"Microsoft.Flow/flows","properties":{"apiId":"/providers/Microsoft.PowerApps/apis/shared_logicflows","displayName":"Blog - Send http request to SharePoint","definition":{"metadata":{"workflowEntityId":null,"processAdvisorMetadata":null,"flowChargedByPaygo":null,"flowclientsuspensionreason":"None","flowclientsuspensiontime":null,"flowclientsuspensionreasondetails":null,"creator":{"id":"421cd1b9-8373-4f7a-8aff-06e1ddee84d4","type":"User","tenantId":"928d7f65-77f4-4b2d-a3a8-1e74badd9734"},"provisioningMethod":"FromDefinition","failureAlertSubscription":true,"clientLastModifiedTime":"2023-10-27T05:16:05.4578002Z","connectionKeySavedTimeKey":"2023-08-22T13:19:33.536014Z"},"$schema":"https://schema.management.azure.com/providers/Microsoft.Logic/schemas/2016-06-01/workflowdefinition.json#","contentVersion":"1.0.0.0","parameters":{"$connections":{"defaultValue":{},"type":"Object"},"$authentication":{"defaultValue":{},"type":"SecureObject"}},"triggers":{"Recurrence":{"recurrence":{"frequency":"Day","interval":1,"startTime":"2021-06-11T04:30:00.000Z"},"metadata":{"operationMetadataId":"814a76e6-3ac6-4424-a0f4-13bb5c1e9ff9"},"type":"Recurrence"}},"actions":{"Send_an_HTTP_request_to_SharePoint_-_Get_items":{"runAfter":{"Initialize_variable_-_API_URI":["Succeeded"]},"metadata":{"operationMetadataId":"4ca5524f-5d6f-4e04-86f2-7180efe94644"},"type":"OpenApiConnection","inputs":{"host":{"apiId":"/providers/Microsoft.PowerApps/apis/shared_sharepointonline","connectionName":"shared_sharepointonline","operationId":"HttpRequest"},"parameters":{"dataset":"https://vtsp.sharepoint.com/sites/PowerPlatform","parameters/method":"GET","parameters/uri":"/_api/web/lists/getbytitle('Employee request')/items"},"authentication":"@parameters('$authentication')"}},"Send_an_HTTP_request_to_SharePoint_-_Create_item":{"runAfter":{"Send_an_HTTP_request_to_SharePoint_-_Get_items":["Succeeded"]},"metadata":{"operationMetadataId":"a8500e3c-1164-4809-96bb-44b927e2ceee"},"type":"OpenApiConnection","inputs":{"host":{"apiId":"/providers/Microsoft.PowerApps/apis/shared_sharepointonline","connectionName":"shared_sharepointonline","operationId":"HttpRequest"},"parameters":{"dataset":"https://vtsp.sharepoint.com/sites/PowerPlatform","parameters/method":"POST","parameters/uri":"/_api/web/lists/getbytitle('Employee request')/items","parameters/headers":{"content-type":"application/json;odata=verbose","accept":"application/json;odata=verbose"},"parameters/body":"{\n    \"__metadata\": {\n        \"type\": \"SP.Data.Employee_x0020_requestListItem\"\n    },\n    \"Title\": \"Test Item\"\n}"},"authentication":"@parameters('$authentication')"}},"Initialize_variable_-_Metadata_Type":{"runAfter":{},"metadata":{"operationMetadataId":"0d8dfe8f-27a5-4d44-925a-bbe4847aecdc"},"type":"InitializeVariable","inputs":{"variables":[{"name":"MetadataType","type":"string","value":"SP.Data.Employee_x0020_requestListItem"}]}},"Initialize_variable_-_Item_ID":{"runAfter":{"Initialize_variable_-_Metadata_Type":["Succeeded"]},"metadata":{"operationMetadataId":"a3c9b148-b5e0-4d21-b83f-835fe3fa8851"},"type":"InitializeVariable","inputs":{"variables":[{"name":"ItemID","type":"integer","value":8}]}},"Send_an_HTTP_request_to_SharePoint_-_Update_Item":{"runAfter":{"Send_an_HTTP_request_to_SharePoint_-_Create_item":["Succeeded"]},"metadata":{"operationMetadataId":"90ac01ab-853f-4809-8c98-fda52e5955a0"},"type":"OpenApiConnection","inputs":{"host":{"apiId":"/providers/Microsoft.PowerApps/apis/shared_sharepointonline","connectionName":"shared_sharepointonline","operationId":"HttpRequest"},"parameters":{"dataset":"https://vtsp.sharepoint.com/sites/PowerPlatform","parameters/method":"PATCH","parameters/uri":"/_api/web/lists/getbytitle('Employee request')/items(8)","parameters/headers":{"content-type":"application/json;odata=verbose","IF-MATCH":"*"},"parameters/body":"{\n    \"__metadata\": {\n        \"type\": \"SP.Data.Employee_x0020_requestListItem\"\n    },\n    \"Title\": \"Updated Employee\"\n}"},"authentication":"@parameters('$authentication')"}},"Send_an_HTTP_request_to_SharePoint_-_Delete_item":{"runAfter":{"Send_an_HTTP_request_to_SharePoint_-_Update_Item":["Succeeded"]},"metadata":{"operationMetadataId":"fbd404e1-df38-4e83-b0b8-47bc18231348"},"type":"OpenApiConnection","inputs":{"host":{"apiId":"/providers/Microsoft.PowerApps/apis/shared_sharepointonline","connectionName":"shared_sharepointonline","operationId":"HttpRequest"},"parameters":{"dataset":"https://vtsp.sharepoint.com/sites/PowerPlatform","parameters/method":"DELETE","parameters/uri":"/_api/web/lists/getbytitle('Employee request')/items/(11)","parameters/headers":{"content-type":"application/json;odata=verbose","IF-MATCH":"*","X-HTTP-Method":"DELETE   "}},"authentication":"@parameters('$authentication')"}},"Initialize_variable_-_API_URI":{"runAfter":{"Initialize_variable_-_Item_ID":["Succeeded"]},"metadata":{"operationMetadataId":"cace7789-1d8c-4826-ae14-0919d2a1629d"},"type":"InitializeVariable","inputs":{"variables":[{"name":"ApiUri","type":"string","value":"/_api/web/lists/getbytitle('Employee request')/items"}]}}}},"connectionReferences":{"shared_sharepointonline":{"connectionName":"3319dc5e98a348a3b16dc88888072e9d","source":"Embedded","id":"/providers/Microsoft.PowerApps/apis/shared_sharepointonline","tier":"NotSpecified"}},"flowFailureAlertSubscribed":false,"isManaged":false}}