{"name":"102abb08-f281-44e4-96db-61e1010c1095","id":"/providers/Microsoft.Flow/flows/102abb08-f281-44e4-96db-61e1010c1095","type":"Microsoft.Flow/flows","properties":{"apiId":"/providers/Microsoft.PowerApps/apis/shared_logicflows","displayName":"Blog: Teams mention","definition":{"metadata":{"workflowEntityId":null,"processAdvisorMetadata":null,"flowChargedByPaygo":null,"flowclientsuspensionreason":"None","flowclientsuspensiontime":null,"flowclientsuspensionreasondetails":null,"creator":{"id":"421cd1b9-8373-4f7a-8aff-06e1ddee84d4","type":"User","tenantId":"928d7f65-77f4-4b2d-a3a8-1e74badd9734"},"provisioningMethod":"FromDefinition","failureAlertSubscription":true,"clientLastModifiedTime":"2023-09-07T11:47:45.6260126Z"},"$schema":"https://schema.management.azure.com/providers/Microsoft.Logic/schemas/2016-06-01/workflowdefinition.json#","contentVersion":"1.0.0.0","parameters":{"$connections":{"defaultValue":{},"type":"Object"},"$authentication":{"defaultValue":{},"type":"SecureObject"}},"triggers":{"When_an_item_is_created":{"recurrence":{"frequency":"Minute","interval":1},"splitOn":"@triggerOutputs()?['body/value']","metadata":{"operationMetadataId":"63d52498-08d4-4aa1-8fe4-2c7691728491"},"type":"OpenApiConnection","inputs":{"host":{"apiId":"/providers/Microsoft.PowerApps/apis/shared_sharepointonline","connectionName":"shared_sharepointonline","operationId":"GetOnNewItems"},"parameters":{"dataset":"https://vtsp.sharepoint.com/sites/PowerPlatform","table":"1d689174-9853-4473-aef3-4a6616d8396a"},"authentication":"@parameters('$authentication')"}}},"actions":{"Get_an_@mention_token_for_a_user":{"runAfter":{},"metadata":{"operationMetadataId":"3e094614-393c-4875-b618-df7d607f1f2e"},"type":"OpenApiConnection","inputs":{"host":{"apiId":"/providers/Microsoft.PowerApps/apis/shared_teams","connectionName":"shared_teams","operationId":"AtMentionUser"},"parameters":{"userId":"@triggerOutputs()?['body/Manager/Email']"},"authentication":"@parameters('$authentication')"}},"Post_message_in_a_chat_or_channel":{"runAfter":{"Get_an_@mention_token_for_a_user":["Succeeded"]},"metadata":{"operationMetadataId":"c11c222d-49f9-4465-9d8d-59a268d11029"},"type":"OpenApiConnection","inputs":{"host":{"apiId":"/providers/Microsoft.PowerApps/apis/shared_teams","connectionName":"shared_teams","operationId":"PostMessageToConversation"},"parameters":{"poster":"Flow bot","location":"Channel","body/recipient/groupId":"3b4fc61c-7a52-4b0f-94fd-29b41627a4c4","body/recipient/channelId":"19:Q-_fjOGkuslNHeyHk9WkygnZT9zEf5cm_QL1yAeBcII1@thread.tacv2","body/messageBody":"<p>@{outputs('Get_an_@mention_token_for_a_user')?['body/atMention']}, You've been assigned a new vacation request. Kindly take a moment to review it.<br>\n<br>\n<a href=\"@{triggerOutputs()?['body/{Link}']}\">Click here to view item</a>&nbsp;</p>"},"authentication":"@parameters('$authentication')"}}}},"connectionReferences":{"shared_teams":{"connectionName":"1319b1ce08fa402c99b706d982df3a98","source":"Embedded","id":"/providers/Microsoft.PowerApps/apis/shared_teams","tier":"NotSpecified"},"shared_sharepointonline":{"connectionName":"3319dc5e98a348a3b16dc88888072e9d","source":"Embedded","id":"/providers/Microsoft.PowerApps/apis/shared_sharepointonline","tier":"NotSpecified"}},"flowFailureAlertSubscribed":false,"isManaged":false}}