{"name":"130485b5-c87d-47af-98f4-6638cca49917","id":"/providers/Microsoft.Flow/flows/130485b5-c87d-47af-98f4-6638cca49917","type":"Microsoft.Flow/flows","properties":{"apiId":"/providers/Microsoft.PowerApps/apis/shared_logicflows","displayName":"Blog - Get user details (dataverse)","definition":{"metadata":{"workflowEntityId":null,"processAdvisorMetadata":null,"flowChargedByPaygo":null,"flowclientsuspensionreason":"None","flowclientsuspensiontime":null,"flowclientsuspensionreasondetails":null,"creator":{"id":"421cd1b9-8373-4f7a-8aff-06e1ddee84d4","type":"User","tenantId":"928d7f65-77f4-4b2d-a3a8-1e74badd9734"},"provisioningMethod":"FromDefinition","failureAlertSubscription":true,"clientLastModifiedTime":"2023-09-04T12:00:15.2885149Z"},"$schema":"https://schema.management.azure.com/providers/Microsoft.Logic/schemas/2016-06-01/workflowdefinition.json#","contentVersion":"1.0.0.0","parameters":{"$connections":{"defaultValue":{},"type":"Object"},"$authentication":{"defaultValue":{},"type":"SecureObject"}},"triggers":{"When_a_row_is_added,_modified_or_deleted":{"metadata":{"operationMetadataId":"32ee6346-3272-4e65-9ed0-95daaaafeb71"},"type":"OpenApiConnectionWebhook","inputs":{"host":{"apiId":"/providers/Microsoft.PowerApps/apis/shared_commondataserviceforapps","connectionName":"shared_commondataserviceforapps","operationId":"SubscribeWebhookTrigger"},"parameters":{"subscriptionRequest/message":1,"subscriptionRequest/entityname":"cr2f2_rcicontracts","subscriptionRequest/scope":4,"subscriptionRequest/runas":3},"authentication":"@parameters('$authentication')"}}},"actions":{"Get_a_row_by_ID":{"runAfter":{},"metadata":{"operationMetadataId":"fcf71fd1-2b8b-433b-9529-b50e9ade7a73"},"type":"OpenApiConnection","inputs":{"host":{"apiId":"/providers/Microsoft.PowerApps/apis/shared_commondataserviceforapps","connectionName":"shared_commondataserviceforapps","operationId":"GetItem"},"parameters":{"entityName":"systemusers","recordId":"@triggerOutputs()?['body/_createdby_value']"},"authentication":"@parameters('$authentication')"}},"Compose_-_System_user":{"runAfter":{"Get_a_row_by_ID":["Succeeded"]},"metadata":{"operationMetadataId":"1289e27f-1728-454d-b15c-8b86bf751011"},"type":"Compose","inputs":"@outputs('Get_a_row_by_ID')?['body/internalemailaddress']"},"Get_user_-_AD_User":{"runAfter":{"Compose_-_System_user":["Succeeded"]},"metadata":{"operationMetadataId":"88a9cbaa-cff5-4346-a1a6-931e6a153b92"},"type":"OpenApiConnection","inputs":{"host":{"apiId":"/providers/Microsoft.PowerApps/apis/shared_azuread","connectionName":"shared_azuread","operationId":"GetUser"},"parameters":{"id":"@triggerOutputs()?['body/_cr2f2_rciapprover_value']"},"authentication":"@parameters('$authentication')"}},"Compose_-_User_mail":{"runAfter":{"Get_user_-_AD_User":["Succeeded"]},"metadata":{"operationMetadataId":"e3d55b68-2b75-4c4f-9739-02c9a57afc8c"},"type":"Compose","inputs":"@outputs('Get_user_-_AD_User')?['body/mail']"}}},"connectionReferences":{"shared_commondataserviceforapps":{"connectionName":"shared-commondataser-fa2455ea-d0fb-424e-87c6-b000066a9ea5","source":"Embedded","id":"/providers/Microsoft.PowerApps/apis/shared_commondataserviceforapps","tier":"NotSpecified"},"shared_azuread":{"connectionName":"shared-azuread-63297c44-1c98-40fd-a049-c2db36e0d1d7","source":"Embedded","id":"/providers/Microsoft.PowerApps/apis/shared_azuread","tier":"NotSpecified"}},"flowFailureAlertSubscribed":false,"isManaged":false}}